OT_name,amplicon_seq,guide_seq,OT-Name
1450_OT_0361_ALT,CCAACCTCATAGAACACTCATCCCTCCAAGAGTGTAGTTCTGTAGACACTGATAAAGGAATATTAGAT,TTCTGTAGACACTGATAA,1450-OT-0361-ALT
1450_OT_0321_ALT,CCAACCTCATAGAACACTCATCCGCTATTGCAATTCTGCTGATTGACACTAATATCGGTATTTAAGAT,TGCTGATTGACACTAATAT,1450-OT-0321-ALT
1617_OT_0348_ALT,CCAACCTCATAGAACACTCATCCGCCTAAGTCTTAAAAACAATATCACTTATCACAGGGAAGATAGAT,AAACAATATCACTTATCAC,1617-OT-0348-ALT
1450_OT_0278_ALT,CCAACCTCATAGAACACTCATCCCCACGTACTGGGCTATTAGAAGGAACTAATAGTGGCATCATAGAT,ATTAGAAGGAACTAATAG,1450-OT-0278-ALT
1617_OT_0400_ALT,CCAACCTCATAGAACACTCATCCACCTCGTCATTTCTTACAGAAGCCTTTATTACCGGTATATCAGAT,TTACAGAAGCCTTTATTAC,1617-OT-0400-ALT
1617_OT_0327_ALT,CCAACCTCATAGAACACTCATCCTTGGCTGAGCTACTCACTACCACTTTTATCACAGGACTGGTAGAT,CACTACCACTTTTATCAC,1617-OT-0327-ALT
1617_OT_0332_ALT,CCAACCTCATAGAACACTCATCCCAGAATTCGCCTTTATCAGCTTCCTTTATCACTGGCCTCTGAGAT,TTATCAGCTTCCTTTATCAC,1617-OT-0332-ALT
1450_OT_0152_ALT,CCAACCTCATAGAACACTCATCCAACAACGCCGTGGGACTTGATCACACTGATAGTGGTCTCTGAGAT,ACTTGATCACACTGATAG,1450-OT-0152-ALT
1450_OT_0179_ALT,CCAACCTCATAGAACACTCATCCATCGGCGAAGCTAGTTTACCAGACACTGATAGGGGCTAACTAGAT,TTTACCAGACACTGATAG,1450-OT-0179-ALT
1617_OT_0353_ALT,CCAACCTCATAGAACACTCATCCTTGACGCCTTTTTTAATAATTGCTATTATCACTGGCGTGAGAGAT,TTAATAATTGCTATTATCAC,1617-OT-0353-ALT
1450_OT_0190_ALT,CCAACCTCATAGAACACTCATCCGCATTCCAAAGTTCTTTGGCAAGAACTGATAGTGGAAGAGTAGAT,TTTGGCAAGAACTGATAG,1450-OT-0190-ALT
1450_OT_0133_ALT,CCAACCTCATAGAACACTCATCCTATACCACGGGGCTGTCCATCAGCACTAATAGTGGCAGTGCAGAT,TGTCCATCAGCACTAATAG,1450-OT-0133-ALT
1450_OT_0132_ALT,CCAACCTCATAGAACACTCATCCAACAGACGGATGTAGTTGGTTTACACTGATAACGGATGCAGAGAT,AGTTGGTTTACACTGATAA,1450-OT-0132-ALT
1617_OT_0344_ALT,CCAACCTCATAGAACACTCATCCAGTTGAGGCGTTCAAACAGTATCTTTTATTACAGGCCTTTTAGAT,AAACAGTATCTTTTATTAC,1617-OT-0344-ALT
1450_OT_0329_ALT,CCAACCTCATAGAACACTCATCCCCAGAGAAGCAAGGCTTGCTTGACACTGAAAGTGGCTTCGGAGAT,AGGCTTGCTTGACACTGAAAG,1450-OT-0329-ALT
1617_OT_0318_ALT,CCAACCTCATAGAACACTCATCCCGACCATCATTTTCTACAGTAACTTTTATCACTGGGCTTAAAGAT,CTACAGTAACTTTTATCAC,1617-OT-0318-ALT
1450_OT_0142_ALT,CCAACCTCATAGAACACTCATCCTACGAGTTGTTGTGTTCAGATAGCACTAATAGAGGTGTGGCAGAT,TTCAGATAGCACTAATAG,1450-OT-0142-ALT
1450_OT_0164_ALT,CCAACCTCATAGAACACTCATCCCTCTATCCTCAGTCCTCAGTCTGCACTGAAAGAGGATTTTGAGAT,GTCCTCAGTCTGCACTGAAAG,1450-OT-0164-ALT
1617_OT_0376_ALT,CCAACCTCATAGAACACTCATCCGCAAGAAGAGCAACCAACAAATCCTTTATCACTGGATTTAGAGAT,CAACAAATCCTTTATCAC,1617-OT-0376-ALT
1450_OT_0203_ALT,CCAACCTCATAGAACACTCATCCTCTCGCTCATTTGAATTGGGAAGCACTAATAATGGGCGCATAGAT,ATTGGGAAGCACTAATAA,1450-OT-0203-ALT
1450_OT_0243_ALT,CCAACCTCATAGAACACTCATCCAATCTCCACTATATGTTAGATGACATTGATAATGGGTTACAAGAT,TGTTAGATGACATTGATAA,1450-OT-0243-ALT
1617_OT_0334_ALT,CCAACCTCATAGAACACTCATCCAGGACACACTCACACACAAACTCCTTTATCACTGGCCTCTTAGAT,CACAAACTCCTTTATCAC,1617-OT-0334-ALT
1450_OT_0145_ALT,CCAACCTCATAGAACACTCATCCTTAAGCCACTGCCTCTTGACAGACACTAATATAGGCTCCCCAGAT,TCTTGACAGACACTAATAT,1450-OT-0145-ALT
1617_OT_0373_ALT,CCAACCTCATAGAACACTCATCCCGTAACCAAGCAAGAACAGCTTCCTTTATTACTGGAAGAAAAGAT,GAACAGCTTCCTTTATTAC,1617-OT-0373-ALT
1617_OT_0356_ALT,CCAACCTCATAGAACACTCATCCGGACTACTGTATTTCATAGTTTCTTTTATCACTGGAGAATCAGAT,CATAGTTTCTTTTATCAC,1617-OT-0356-ALT
1617_OT_0319_ALT,CCAACCTCATAGAACACTCATCCGTGGTTCTAGTGTCTACAACCTCTTTTATCACTGGTTTTATAGAT,CTACAACCTCTTTTATCAC,1617-OT-0319-ALT
1450_OT_0240_ALT,CCAACCTCATAGAACACTCATCCGGATGGAACGGGGCGTGAACAGGCACTGATAGCGGAAGGAAAGAT,GTGAACAGGCACTGATAG,1450-OT-0240-ALT
1450_OT_0136_ALT,CCAACCTCATAGAACACTCATCCGTGTGAATGAAGTATTTAGCCAGCATTAATAGTGGTTGTCTAGAT,TTTAGCCAGCATTAATAG,1450-OT-0136-ALT
1450_OT_0274_ALT,CCAACCTCATAGAACACTCATCCGCTCTGAGTGAGCAGTTGAGCAGCACTGAAAGAGGTTAAAGAGAT,AGTTGAGCAGCACTGAAAG,1450-OT-0274-ALT
1617_OT_0331_ALT,CCAACCTCATAGAACACTCATCCGTCTTGTGGTGTATAACAACTAATTTTACCACAGGCTAATTAGAT,ATAACAACTAATTTTACCAC,1617-OT-0331-ALT
1450_OT_0250_ALT,CCAACCTCATAGAACACTCATCCCCTACATGCGTGGCTGTTGGTAGCACTAATAAGGGTTGTGAAGAT,TGTTGGTAGCACTAATAA,1450-OT-0250-ALT
1617_OT_0040_ALT,CCAACCTCATAGAACACTCATCCGCGCATTAAAGTTTAACAGCTGCCTTTATCACTGGCACTCAAGAT,TTAACAGCTGCCTTTATCAC,1617-OT-0040-ALT
1617_OT_0355_ALT,CCAACCTCATAGAACACTCATCCACCATCCTTTGGTGGACAGACTCCTTTATCACTGGGTAATGAGAT,GACAGACTCCTTTATCAC,1617-OT-0355-ALT
1450_OT_0200_ALT,CCAACCTCATAGAACACTCATCCGTGTACGCAAATTAATTGCCAAGCACTGATAGTGGACAGCAAGAT,ATTGCCAAGCACTGATAG,1450-OT-0200-ALT
1450_OT_0238_ALT,CCAACCTCATAGAACACTCATCCTGCACAGTGACTTCCTTGCCCAGCATTGATAGTGGACGGACAGAT,TTCCTTGCCCAGCATTGATAG,1450-OT-0238-ALT
1450_OT_0297_ALT,CCAACCTCATAGAACACTCATCCTGGCTCGAAACATTTTTGATTAACACAAATAGGGGTAGGGAAGAT,TTTGATTAACACAAATAG,1450-OT-0297-ALT
1617_OT_0041_ALT,CCAACCTCATAGAACACTCATCCACGTGTCGATGCATAACAGTTACTTTTATCAAGGGCTTGTGAGAT,ATAACAGTTACTTTTATCAA,1617-OT-0041-ALT
1450_OT_0237_ALT,CCAACCTCATAGAACACTCATCCAAGTCAGCGCCAGAGTCCGCTTGCACTGATAGTGGAACATGAGAT,AGTCCGCTTGCACTGATAG,1450-OT-0237-ALT
1617_OT_0393_ALT,CCAACCTCATAGAACACTCATCCGAGATCTGAATACCCACAACAGATATTATCACAGGAATCAGAGAT,CACAACAGATATTATCAC,1617-OT-0393-ALT
1450_OT_0162_ALT,CCAACCTCATAGAACACTCATCCGAACGCTATGGATTCTTAACAGGCACTGAAAGGGGAAGGTGAGAT,TCTTAACAGGCACTGAAAG,1450-OT-0162-ALT
1450_OT_0125_ALT,CCAACCTCATAGAACACTCATCCGACGTCAAGTAACTGTCAACAGACACTGATAGTGGTATGATAGAT,TGTCAACAGACACTGATAG,1450-OT-0125-ALT
1450_OT_0194_ALT,CCAACCTCATAGAACACTCATCCCGCGATTGATTCAATCCAGCAGACACTGATAATGGGTAAAGAGAT,TCCAGCAGACACTGATAA,1450-OT-0194-ALT
1617_OT_0333_ALT,CCAACCTCATAGAACACTCATCCCAGTTCCTGTCCACATACAATCCTTTTATCACGGGGAGCAGAGAT,ATACAATCCTTTTATCAC,1617-OT-0333-ALT
1450_OT_0206_ALT,CCAACCTCATAGAACACTCATCCCTCACCTTACGCGGCTTAATTGGCACTAATTGGGGTGGAGGAGAT,CGGCTTAATTGGCACTAATTG,1450-OT-0206-ALT
1617_OT_0000_REF,CCAACCTCATAGAACACTCATCCCAACAACGCAAGCTAACAGTTGCTTTTATCACAGGCTCCAGAGAT,CTAACAGTTGCTTTTATCAC,1617-OT-0000-REF
1450_OT_0153_ALT,CCAACCTCATAGAACACTCATCCGTACCTGTCAGACTACTTAGCCGCACTGATAGAGGATAAGTAGAT,ACTTAGCCGCACTGATAG,1450-OT-0153-ALT
1450_OT_0362_ALT,CCAACCTCATAGAACACTCATCCACGGTATAGTGCCGTCCAATCTACACTGATAATGGATGGCAAGAT,TCCAATCTACACTGATAA,1450-OT-0362-ALT
1617_OT_0352_ALT,CCAACCTCATAGAACACTCATCCTGCTCCTGTAGAATAATAGTAGATTTTATCACTGGTCATGTAGAT,ATAATAGTAGATTTTATCAC,1617-OT-0352-ALT
1450_OT_0320_ALT,CCAACCTCATAGAACACTCATCCCCGTTAACATCAAAGTTGGTAAGCACTAATTGTGGTGGAAAAGAT,AGTTGGTAAGCACTAATTG,1450-OT-0320-ALT
1450_OT_0219_ALT,CCAACCTCATAGAACACTCATCCGGTAGATAGTAAGAGTTTGCAAGCACTGATAAAGGAGAGGGAGAT,AGTTTGCAAGCACTGATAA,1450-OT-0219-ALT
1617_OT_0329_ALT,CCAACCTCATAGAACACTCATCCTCCTATAGGTGGTGCACAGACTCTTTTATCACAGGTGCTACAGAT,CACAGACTCTTTTATCAC,1617-OT-0329-ALT
1450_OT_0174_ALT,CCAACCTCATAGAACACTCATCCCGAACTCTTATCAAAGTTAACCGCACTAATAATGGTACATTAGAT,AGTTAACCGCACTAATAA,1450-OT-0174-ALT
1617_OT_0381_ALT,CCAACCTCATAGAACACTCATCCGGTTCTAGAGAGTGGACTAATGCCTTTATCACAGGAGTGGAAGAT,GACTAATGCCTTTATCAC,1617-OT-0381-ALT
1450_OT_0071_REF,CCAACCTCATAGAACACTCATCCTTCGTGACACCGGCTTGGCCGGGCACTGATTGCGGTCGCTCAGAT,GGCTTGGCCGGGCACTGATTG,1450-OT-0071-REF
1617_OT_0349_ALT,CCAACCTCATAGAACACTCATCCTGACAGCATAGCAAAACAGGCAATTTTATCACTGGAACTAAAGAT,AAACAGGCAATTTTATCAC,1617-OT-0349-ALT
1617_OT_0436_ALT,CCAACCTCATAGAACACTCATCCCGGTGGTTATTTGCAACAAAAACTCTTATCACTGGGCTAAGAGAT,CAACAAAAACTCTTATCAC,1617-OT-0436-ALT
1450_OT_0298_ALT,CCAACCTCATAGAACACTCATCCGACACTCAATGGAGGTGGATTTGCACTGATAGAGGGATTAAAGAT,GGTGGATTTGCACTGATAG,1450-OT-0298-ALT
1450_OT_0290_ALT,CCAACCTCATAGAACACTCATCCGGAGAAGAAATGATGTTAGTTAGCACAGATAAGGGATGGGAAGAT,TGTTAGTTAGCACAGATAA,1450-OT-0290-ALT
1450_OT_0146_ALT,CCAACCTCATAGAACACTCATCCAGAGTTCGCAAAATCTTAGAAAGCACTAATAAAGGCATAATAGAT,TCTTAGAAAGCACTAATAA,1450-OT-0146-ALT
1450_OT_0299_ALT,CCAACCTCATAGAACACTCATCCAGCCTAAGACCTAATTTACAAGGCACTGATAGTGGCACAGAAGAT,TTTACAAGGCACTGATAG,1450-OT-0299-ALT
1450_OT_0210_ALT,CCAACCTCATAGAACACTCATCCCGTCTTAAGGTTGAAATTGACCACACTGATAGAGGTCAAGAAGAT,AATTGACCACACTGATAG,1450-OT-0210-ALT
1450_OT_0176_ALT,CCAACCTCATAGAACACTCATCCTCTAGGCTGATAGTGTTAGTTGACACTAAAAATGGTTAGGCAGAT,TGTTAGTTGACACTAAAAA,1450-OT-0176-ALT
1450_OT_0282_ALT,CCAACCTCATAGAACACTCATCCGGCAAGTCTTTACACTTAGGCAGCACTAAAAGGGGAAAGGAAGAT,ACTTAGGCAGCACTAAAAG,1450-OT-0282-ALT
1450_OT_0128_ALT,CCAACCTCATAGAACACTCATCCCATGCACAGTTTCCCTTGAACAGCACTGATAGAGGATTAGTAGAT,TTCCCTTGAACAGCACTGATAG,1450-OT-0128-ALT
1617_OT_0362_ALT,CCAACCTCATAGAACACTCATCCCTATCGGAAGCCACTAGAACCACCTTTATCACAGGCCTTGAAGAT,CTAGAACCACCTTTATCAC,1617-OT-0362-ALT
1450_OT_0000_REF,CCAACCTCATAGAACACTCATCCTCCAAGGAAGTGTGCTTGGTCGGCACTGATAGGGGTCGCGGAGAT,TGCTTGGTCGGCACTGATAG,1450-OT-0000-REF
1450_OT_0251_ALT,CCAACCTCATAGAACACTCATCCGTTCAATCCTCATTAGTCGGCAGCACTGATAAGGGGATTAGAGAT,AGTCGGCAGCACTGATAA,1450-OT-0251-ALT
1617_OT_0345_ALT,CCAACCTCATAGAACACTCATCCTAATTGGCCTTCATGACAGCCTCTCTTATCACAGGTCCAGAAGAT,GACAGCCTCTCTTATCAC,1617-OT-0345-ALT
1450_OT_0163_ALT,CCAACCTCATAGAACACTCATCCCCAGTCTGTACATTAGCAGTAGACACTGATAGTGGTCCCATAGAT,AGCAGTAGACACTGATAG,1450-OT-0163-ALT
1450_OT_0235_ALT,CCAACCTCATAGAACACTCATCCTTATCACGGCAGGCCTTGGCTTACACTGAAAGAGGCATGAGAGAT,GGCCTTGGCTTACACTGAAAG,1450-OT-0235-ALT
1617_OT_0398_ALT,CCAACCTCATAGAACACTCATCCATGCCTACAAGCTTAACAATCTCTTTTATCTCAGGGCCATTAGAT,TTAACAATCTCTTTTATCTC,1617-OT-0398-ALT
1450_OT_0192_ALT,CCAACCTCATAGAACACTCATCCTAGGCAAGATATAATGTGATAAACACTGATAGTGGTATCCTAGAT,TGTGATAAACACTGATAG,1450-OT-0192-ALT
1617_OT_0040_REF,CCAACCTCATAGAACACTCATCCGTTCGGCAAAGTTTAACAGCTGCCTTTATCACTGCCACTCAAGAT,TTAACAGCTGCCTTTATCAC,1617-OT-0040-REF
1617_OT_0322_ALT,CCAACCTCATAGAACACTCATCCAGGTACAAGTTCACTACAGCCACTCTTATCACAGGCCCAGAAGAT,CTACAGCCACTCTTATCAC,1617-OT-0322-ALT
1450_OT_0328_ALT,CCAACCTCATAGAACACTCATCCTGAGGCATAGTAAATTCAGTCAAAACTGATATGGGCAATTTAGAT,TTCAGTCAAAACTGATAT,1450-OT-0328-ALT
1450_OT_0311_ALT,CCAACCTCATAGAACACTCATCCAGAACCGGAAGACCTTGAGTCGGCATTGATAGTGGTTGGGAAGAT,TTGAGTCGGCATTGATAG,1450-OT-0311-ALT
1450_OT_0193_ALT,CCAACCTCATAGAACACTCATCCCTTGTAGGAAGTGTGTTGGACAGCACTGATATTGGACATTTAGAT,TGTTGGACAGCACTGATAT,1450-OT-0193-ALT
1617_OT_0041_REF,CCAACCTCATAGAACACTCATCCCACTGCAGATGCATAACAGTTACTTTTATCGAGGGCTTGTGAGAT,ATAACAGTTACTTTTATCGA,1617-OT-0041-REF
1450_OT_0264_ALT,CCAACCTCATAGAACACTCATCCTGTGAACTCGTGCAGTCAGGAGGCATTGATAGTGGAGGCAGAGAT,AGTCAGGAGGCATTGATAG,1450-OT-0264-ALT
